{"cameraMode":{"drawMode":0,"name":"Shaded","section":"Shading Mode"},"sceneLighting":true,"audioPlay":false,"sceneViewState":{"m_AlwaysRefresh":false,"showFog":true,"showSkybox":false,"showFlares":true,"showImageEffects":true,"showParticleSystems":true,"showVisualEffectGraphs":true,"m_FxEnabled":true},"in2DMode":false,"pivot":{"x":119.1802978515625,"y":2.511993408203125,"z":90.48513793945313},"rotation":{"x":-0.46764886379241946,"y":-0.04136147350072861,"z":0.021896637976169587,"w":-0.8827066421508789},"size":13.683202743530274,"orthographic":false}